USPS,GEOID,POP10,HU10,ALAND,AWATER,ALAND_SQMI,AWATER_SQMI,INTPTLAT,INTPTLONG                                                                                                                  
H1,,,,,,,,42.33174,-83.04777
H2,,,,,,,,42.32442,-83.23724
H3,,,,,,,,42.27053,-83.12218
H4,,,,,,,,42.20101,-83.15025
H5,,,,,,,,42.27544,-83.1262
MI,26163500100,4032,1634,1202405,0,0.464,0,42.4444014,-82.950921
MI,26163500200,3207,1203,939797,0,0.363,0,42.4461071,-82.9633178
MI,26163500300,3137,1338,1284678,0,0.496,0,42.4388723,-82.9656436
MI,26163500400,1664,818,987878,0,0.381,0,42.4261558,-82.9793388
MI,26163500500,2205,981,813327,0,0.314,0,42.4241342,-82.9679434
MI,26163500600,3714,1589,1485934,0,0.574,0,42.4315247,-82.9651767
MI,26163500700,4391,1785,1216845,0,0.47,0,42.4295995,-82.9473259
MI,26163500800,2485,1029,804943,0,0.311,0,42.4246567,-82.9351961
MI,26163500900,4035,1707,1166209,0,0.45,0,42.4223549,-82.9475917
MI,26163501000,3499,1375,896049,0,0.346,0,42.4187276,-82.9515638
MI,26163501100,3762,1572,1235566,0,0.477,0,42.4128315,-82.9601612
MI,26163501200,1963,923,687695,0,0.266,0,42.4114379,-82.951309
MI,26163501300,3836,1747,1235308,0,0.477,0,42.403369,-82.9505462
MI,26163501400,3895,1594,1272550,0,0.491,0,42.4091561,-82.9385202
MI,26163501500,4095,1663,1602780,0,0.619,0,42.4183457,-82.9264931
MI,26163501600,1997,998,1213127,0,0.468,0,42.4129132,-82.9207524
MI,26163501700,2357,1225,1199562,0,0.463,0,42.4042423,-82.9212936
MI,26163501800,4448,1963,1440312,0,0.556,0,42.3983391,-82.9316723
MI,26163501900,3055,1342,742662,0,0.287,0,42.3952603,-82.9401
MI,26163502000,2348,1091,894356,0,0.345,0,42.3932938,-82.9469658
MI,26163503100,3081,1112,980539,0,0.379,0,42.4461391,-82.9778891
MI,26163503200,3817,1533,1271340,0,0.491,0,42.4454982,-82.9953169
MI,26163503300,4302,1708,1298176,0,0.501,0,42.4383158,-82.9950446
MI,26163503400,1557,710,670279,0,0.259,0,42.4389974,-82.9801546
MI,26163503500,3936,1786,1615235,0,0.624,0,42.4312541,-82.9922641
MI,26163503600,1939,882,738902,0,0.285,0,42.4249818,-82.9967805
MI,26163503900,2250,1057,983950,0,0.38,0,42.4134536,-82.9873463
MI,26163504000,1483,669,632070,0,0.244,0,42.4169793,-82.9776759
MI,26163504100,1748,910,738734,0,0.285,0,42.4153882,-82.9679696
MI,26163504200,2426,1183,1007001,0,0.389,0,42.4081498,-82.9717558
MI,26163504300,2695,1230,946108,0,0.365,0,42.4055763,-82.9803156
MI,26163504400,1999,1060,969533,0,0.374,0,42.4030542,-82.9892425
MI,26163504700,2097,978,1311772,0,0.506,0,42.39415,-83.0172716
MI,26163504800,793,426,3159508,0,1.22,0,42.4089695,-83.0133701
MI,26163504900,3495,1443,2249050,0,0.868,0,42.4263378,-83.0129968
MI,26163505000,1263,580,758140,0,0.293,0,42.4391006,-83.0087283
MI,26163505100,3776,1814,2147647,0,0.829,0,42.4403465,-83.0179417
MI,26163505200,3348,1529,1065967,0,0.412,0,42.413801,-83.0035037
MI,26163505400,3001,1404,1390236,0,0.537,0,42.4186463,-82.9937654
MI,26163505500,1472,662,1905278,0,0.736,0,42.3970633,-83.0014601
MI,26163506100,1921,829,922606,0,0.356,0,42.4445674,-83.0320133
MI,26163506200,2285,945,983484,0,0.38,0,42.4374798,-83.031691
MI,26163506300,2352,1022,1941719,0,0.75,0,42.4265859,-83.0313176
MI,26163506400,3095,593,1824590,0,0.704,0,42.4225996,-83.0523153
MI,26163506500,2256,1101,955943,0,0.369,0,42.429876,-83.0459797
MI,26163506600,3240,1469,1236920,0,0.478,0,42.4370474,-83.04852
MI,26163506700,1229,541,935177,0,0.361,0,42.4441868,-83.046581
MI,26163506800,3865,1718,1748868,0,0.675,0,42.4438513,-83.0676404
MI,26163506900,3818,1630,1208312,0,0.467,0,42.4368143,-83.0671656
MI,26163507000,2948,1295,1186008,0,0.458,0,42.4296948,-83.0621938
MI,26163507100,2617,1322,1079666,0,0.417,0,42.4277494,-83.0763573
MI,26163507200,1434,754,754611,0,0.291,0,42.4209193,-83.073764
MI,26163507300,2814,1391,1309881,0,0.506,0,42.4262623,-83.0877402
MI,26163507400,3153,1522,1239599,0,0.479,0,42.4362144,-83.0856365
MI,26163507500,2479,1229,893431,0,0.345,0,42.4432546,-83.0881317
MI,26163507800,772,419,1270564,0,0.491,0,42.4243919,-83.0970382
MI,26163507900,2200,1224,1060854,0,0.41,0,42.4263906,-83.1066037
MI,26163508000,1343,881,1780908,0,0.688,0,42.4392203,-83.1132634
MI,26163508100,2227,1292,1574310,0,0.608,0,42.440894,-83.1014824
MI,26163510400,976,613,1582438,26408,0.611,0.01,42.414748,-83.0760398
MI,26163510500,3723,1358,1433504,0,0.553,0,42.4086539,-83.0689077
MI,26163510600,4206,1513,1381368,0,0.533,0,42.4074065,-83.0465471
MI,26163510700,1888,595,567158,0,0.219,0,42.3936461,-83.0398776
MI,26163511000,1971,934,5055983,0,1.952,0,42.400826,-83.0306599
MI,26163511200,1442,872,1342645,0,0.518,0,42.3763856,-83.0658451
MI,26163511300,2510,1128,1513883,0,0.585,0,42.4154477,-83.0497684
MI,26163511400,2681,1663,1951620,0,0.754,0,42.3900705,-83.077663
MI,26163511900,1462,1020,1152679,0,0.445,0,42.3735241,-83.0718813
MI,26163512100,3532,1720,1193422,0,0.461,0,42.3989089,-82.9638962
MI,26163512200,1321,463,1333956,0,0.515,0,42.3953197,-82.9768484
MI,26163512300,1677,841,793826,0,0.306,0,42.3882982,-82.9663155
MI,26163512400,1481,786,1001617,0,0.387,0,42.3908867,-82.9560714
MI,26163512600,1953,963,1383722,0,0.534,0,42.3820764,-82.9560601
MI,26163512900,1639,1000,1514795,0,0.585,0,42.3755477,-82.9504678
MI,26163513200,1843,1047,927895,0,0.358,0,42.3679701,-82.938338
MI,26163513300,2300,1152,1616439,1705828,0.624,0.659,42.3582384,-82.9413094
MI,26163513600,1469,791,978906,0,0.378,0,42.3657136,-82.9802179
MI,26163513700,3256,1710,3327454,505795,1.285,0.195,42.3580493,-82.9609921
MI,26163513900,2235,1230,1286288,0,0.497,0,42.3722151,-82.9837943
MI,26163514100,3486,1756,1609639,0,0.621,0,42.3798303,-82.9893988
MI,26163514200,2726,1441,982297,0,0.379,0,42.3817139,-83.0084252
MI,26163514300,3075,1416,2019290,0,0.78,0,42.3888619,-82.9934067
MI,26163514500,1416,651,563936,0,0.218,0,42.375316,-82.9999028
MI,26163515200,2032,915,929506,0,0.359,0,42.3616627,-83.0056672
MI,26163515300,3117,2145,795120,0,0.307,0,42.3532902,-83.000551
MI,26163515400,1344,739,902465,0,0.348,0,42.3609676,-82.9963793
MI,26163515600,1385,846,864898,0,0.334,0,42.3639483,-82.9917654
MI,26163515700,3295,2962,1208050,1059803,0.466,0.409,42.353039,-82.9871415
MI,26163515900,1643,800,1268220,0,0.49,0,42.3829752,-83.0169292
MI,26163516000,3052,1406,1436083,0,0.554,0,42.3714831,-83.0093251
MI,26163516100,734,423,1349362,0,0.521,0,42.3756603,-83.0258411
MI,26163516200,774,472,565213,0,0.218,0,42.3661558,-83.018939
MI,26163516300,890,425,619160,0,0.239,0,42.3595713,-83.0152242
MI,26163516400,1095,661,1030497,0,0.398,0,42.3508558,-83.0096137
MI,26163516500,1404,1150,1338782,1045874,0.517,0.404,42.3375655,-83.0148583
MI,26163516600,2058,1074,691101,0,0.267,0,42.3413645,-83.0201887
MI,26163516700,2977,1642,1199188,0,0.463,0,42.3483954,-83.0210206
MI,26163516800,1041,532,983256,0,0.38,0,42.3560005,-83.0254934
MI,26163516900,1991,1578,615129,0,0.238,0,42.3446547,-83.030245
MI,26163517000,2360,2242,574447,0,0.222,0,42.3408105,-83.0361037
MI,26163517100,1062,886,280696,0,0.108,0,42.3358287,-83.0330442
MI,26163517200,1438,724,1632385,447536,0.63,0.173,42.3338393,-83.0390113
MI,26163517300,1943,1357,839443,0,0.324,0,42.3456895,-83.0505419
MI,26163517500,2192,1646,1101313,0,0.425,0,42.3541327,-83.0560746
MI,26163518000,2264,1390,851150,0,0.329,0,42.3624987,-83.0613713
MI,26163518400,630,354,1056546,0,0.408,0,42.3698286,-83.0441079
MI,26163518500,1210,652,800479,0,0.309,0,42.3732892,-83.0345719
MI,26163518600,797,395,741602,0,0.286,0,42.3647264,-83.0294479
MI,26163518800,795,485,1415467,0,0.547,0,42.3597016,-83.0372366
MI,26163518900,1854,892,1844379,0,0.712,0,42.3525953,-83.043507
MI,26163520200,2571,1081,826138,0,0.319,0,42.3572141,-83.0699378
MI,26163520300,2038,1483,451117,0,0.174,0,42.3497881,-83.0627334
MI,26163520400,1835,1259,409578,0,0.158,0,42.3481561,-83.067593
MI,26163520700,2233,2451,767428,0,0.296,0,42.3347168,-83.0554556
MI,26163520800,1616,1397,1348294,686823,0.521,0.265,42.3254678,-83.0537969
MI,26163521100,2080,912,1600031,117811,0.618,0.045,42.3208768,-83.0808652
MI,26163521300,954,413,969178,0,0.374,0,42.334123,-83.0929489
MI,26163521400,1192,769,1305626,0,0.504,0,42.3305838,-83.0730165
MI,26163521500,1690,948,1507941,0,0.582,0,42.3368603,-83.076392
MI,26163521800,1216,778,224907,0,0.087,0,42.3461214,-83.0712523
MI,26163521900,2942,1501,1692449,0,0.653,0,42.3503993,-83.0805337
MI,26163522000,2061,969,1606031,0,0.62,0,42.3435757,-83.0875891
MI,26163522100,950,566,1112081,0,0.429,0,42.343509,-83.101414
MI,26163522200,655,435,525670,0,0.203,0,42.3511187,-83.1065656
MI,26163522300,1704,1145,1651498,0,0.638,0,42.3565382,-83.0965947
MI,26163522400,1147,698,959049,0,0.37,0,42.3609881,-83.0833636
MI,26163522500,1707,1591,934676,0,0.361,0,42.3411363,-83.0606837
MI,26163523100,1648,695,1475574,0,0.57,0,42.325951,-83.1023821
MI,26163523200,3850,1373,855804,0,0.33,0,42.3144563,-83.1042425
MI,26163523300,3326,1192,700693,0,0.271,0,42.317227,-83.0975239
MI,26163523400,2720,1271,770160,0,0.297,0,42.3196503,-83.0910903
MI,26163523800,4582,1589,1287632,0,0.497,0,42.3078841,-83.1139929
MI,26163524000,2985,1142,1627952,0,0.629,0,42.3169861,-83.1199144
MI,26163524100,3942,1675,1822596,8689,0.704,0.003,42.311365,-83.137332
MI,26163524200,4964,1904,864528,0,0.334,0,42.3070018,-83.1291089
MI,26163524300,2812,1036,1588716,51534,0.613,0.02,42.3001177,-83.1320379
MI,26163524500,1264,457,2767947,126346,1.069,0.049,42.2868892,-83.1512103
MI,26163524700,4150,2153,2034764,0,0.786,0,42.273953,-83.1526152
MI,26163524800,2796,1367,1118325,0,0.432,0,42.2630997,-83.1615912
MI,26163524900,1679,687,3652752,265454,1.41,0.102,42.2904837,-83.1246926
MI,26163525000,1104,522,3958989,1047762,1.529,0.405,42.3036532,-83.0973176
MI,26163525400,2374,1049,1203860,0,0.465,0,42.3391838,-83.1140246
MI,26163525500,1191,474,875685,0,0.338,0,42.334014,-83.1093553
MI,26163525600,1671,647,778857,0,0.301,0,42.3282644,-83.1115806
MI,26163525700,5004,1906,1363781,0,0.527,0,42.3267956,-83.1262619
MI,26163525800,2091,833,564971,0,0.218,0,42.3332194,-83.1284291
MI,26163526000,2984,1089,1679893,0,0.649,0,42.3259356,-83.1429717
MI,26163526100,2631,884,683496,0,0.264,0,42.3334778,-83.1520873
MI,26163526200,3176,1042,702689,0,0.271,0,42.3372007,-83.1452619
MI,26163526300,3635,1309,1013504,0,0.391,0,42.3390784,-83.1384863
MI,26163526400,1600,622,567045,0,0.219,0,42.3405358,-83.1309829
MI,26163526500,2482,1194,971613,0,0.375,0,42.3481772,-83.1404328
MI,26163527200,1190,685,637165,0,0.246,0,42.3515946,-83.1186144
MI,26163527300,1275,767,1016296,0,0.392,0,42.3457181,-83.118438
MI,26163530100,3024,1677,1292334,0,0.499,0,42.4096746,-83.1216653
MI,26163530200,4192,1730,1426268,0,0.551,0,42.4111231,-83.1341948
MI,26163530300,1891,1041,1611629,0,0.622,0,42.4008029,-83.1306653
MI,26163530400,1694,1109,445674,0,0.172,0,42.3909517,-83.1361282
MI,26163530500,2283,1229,750419,0,0.29,0,42.3844331,-83.134013
MI,26163530800,2130,1186,1167896,0,0.451,0,42.3716662,-83.1339332
MI,26163530900,2694,1740,1262451,0,0.487,0,42.375305,-83.1262756
MI,26163531100,1610,1189,623803,0,0.241,0,42.3748819,-83.1152689
MI,26163531200,2532,1186,1079279,0,0.417,0,42.3788297,-83.1020097
MI,26163531300,1497,884,579536,0,0.224,0,42.3833022,-83.1097921
MI,26163531400,1935,989,502012,0,0.194,0,42.3803842,-83.1189728
MI,26163531500,3018,2026,865980,0,0.334,0,42.387097,-83.1235622
MI,26163531600,1981,1212,559379,0,0.216,0,42.394153,-83.1282997
MI,26163531700,2070,1269,749294,0,0.289,0,42.3980117,-83.1171527
MI,26163531800,2139,1497,868850,0,0.335,0,42.3903871,-83.1146956
MI,26163531900,1425,765,708605,0,0.274,0,42.3902385,-83.1062989
MI,26163532200,1696,805,699727,0,0.27,0,42.3884007,-83.0939521
MI,26163532300,962,524,676333,0,0.261,0,42.3840376,-83.0891148
MI,26163532400,1635,893,546624,0,0.211,0,42.3784502,-83.0840723
MI,26163532600,2043,1353,706339,0,0.273,0,42.3689514,-83.0885598
MI,26163532700,962,686,585116,0,0.226,0,42.3752477,-83.0927712
MI,26163533000,1804,874,743564,0,0.287,0,42.3655279,-83.0976664
MI,26163533100,1824,1174,610243,0,0.236,0,42.3718956,-83.1019312
MI,26163533200,1656,1041,626351,0,0.242,0,42.3687113,-83.1111289
MI,26163533300,1795,1048,690233,0,0.267,0,42.3621943,-83.1067231
MI,26163533400,3069,1793,1234730,0,0.477,0,42.3633711,-83.1191094
MI,26163533500,1322,775,472739,0,0.183,0,42.3624806,-83.1312395
MI,26163533600,2446,1479,890734,0,0.344,0,42.3563635,-83.1217128
MI,26163533700,1242,702,836297,0,0.323,0,42.356904,-83.1335477
MI,26163533900,2578,2431,1353343,0,0.523,0,42.3685171,-83.0774349
MI,26163534100,2070,1328,763226,0,0.295,0,42.37506,-83.1423228
MI,26163534200,4179,1951,1693674,0,0.654,0,42.3798594,-83.15592
MI,26163534300,1521,769,763075,0,0.295,0,42.3749313,-83.1627851
MI,26163534400,1958,1020,926768,0,0.358,0,42.3693259,-83.1588593
MI,26163534500,980,586,1217240,0,0.47,0,42.3652492,-83.1451954
MI,26163534600,1902,1119,808527,0,0.312,0,42.3555106,-83.1437193
MI,26163534700,3042,1548,1073921,0,0.415,0,42.3591263,-83.1538569
MI,26163535000,2661,1463,1277032,0,0.493,0,42.3603948,-83.1762139
MI,26163535100,2067,983,970809,0,0.375,0,42.3694786,-83.1753696
MI,26163535200,2487,1252,1406405,0,0.543,0,42.3783005,-83.1753987
MI,26163535300,4028,1769,1927417,0,0.744,0,42.372725,-83.1899689
MI,26163535400,1522,759,985063,0,0.38,0,42.361912,-83.1897249
MI,26163535500,2676,1311,978045,0,0.378,0,42.3546687,-83.1894514
MI,26163535600,3425,1640,1298510,0,0.501,0,42.3551099,-83.1675599
MI,26163535700,1486,745,650215,0,0.251,0,42.3624512,-83.1629391
MI,26163536100,3846,1980,1295098,0,0.5,0,42.4134413,-83.1504213
MI,26163536200,2012,909,672847,0,0.26,0,42.4127063,-83.1641142
MI,26163536300,3130,1683,1284524,0,0.496,0,42.4061973,-83.1501123
MI,26163536400,2868,1418,1289590,0,0.498,0,42.3989571,-83.14981
MI,26163536500,2363,1337,1260539,0,0.487,0,42.388446,-83.1445271
MI,26163536600,2946,1506,1843081,0,0.712,0,42.3899155,-83.1588972
MI,26163536700,1391,650,643751,0,0.249,0,42.3987581,-83.1643604
MI,26163536800,1646,807,634692,0,0.245,0,42.4064903,-83.165885
MI,26163536900,3497,1447,974592,0,0.376,0,42.4129308,-83.1776478
MI,26163537000,3641,1660,1006722,0,0.389,0,42.4057432,-83.1771291
MI,26163537100,2178,1086,1136671,0,0.439,0,42.3979765,-83.1765031
MI,26163537200,888,490,1212296,0,0.468,0,42.3881477,-83.1758564
MI,26163537300,2750,1348,1337496,0,0.516,0,42.3848282,-83.1918279
MI,26163537500,2966,1283,939987,0,0.363,0,42.4053507,-83.1917756
MI,26163537600,3243,1423,950445,0,0.367,0,42.4126361,-83.1920649
MI,26163537700,3178,1618,944672,0,0.365,0,42.398097,-83.1914647
MI,26163537800,2035,952,827659,0,0.32,0,42.3918919,-83.1877019
MI,26163538100,2076,1024,1485846,4172,0.574,0.002,42.4413341,-83.1269354
MI,26163538200,1911,772,1406189,0,0.543,0,42.4349753,-83.1300384
MI,26163538300,2134,1704,2799494,16455,1.081,0.006,42.426959,-83.1237435
MI,26163538400,3342,1397,1307395,0,0.505,0,42.4244427,-83.1362309
MI,26163538500,5158,2404,1288343,0,0.497,0,42.4206842,-83.1507627
MI,26163538600,4669,1987,1277524,0,0.493,0,42.4278669,-83.1510894
MI,26163538700,3606,1620,1292503,0,0.499,0,42.4240331,-83.1655643
MI,26163538800,1404,661,660948,0,0.255,0,42.4350112,-83.1659258
MI,26163538900,3526,1604,1286031,0,0.497,0,42.4350607,-83.1513465
MI,26163539000,2889,1312,1307734,0,0.505,0,42.4423439,-83.1516011
MI,26163539100,1794,833,622448,0,0.24,0,42.4421933,-83.1662919
MI,26163539200,4710,2264,1814237,0,0.7,0,42.441886,-83.1852528
MI,26163539300,3694,1593,1314752,0,0.508,0,42.4348464,-83.1809086
MI,26163539400,3479,1448,1166815,0,0.451,0,42.4258579,-83.175862
MI,26163539500,2963,1330,1569337,0,0.606,0,42.4198239,-83.1873321
MI,26163539600,3310,1327,1113226,0,0.43,0,42.4267839,-83.191164
MI,26163539700,1891,991,743932,0,0.287,0,42.4346911,-83.1956884
MI,26163540100,3300,1496,1239901,0,0.479,0,42.4409076,-83.2102951
MI,26163540200,3771,1703,1275281,0,0.492,0,42.4338414,-83.2097474
MI,26163540300,3823,1667,1288765,0,0.498,0,42.4266089,-83.2094015
MI,26163540400,2569,1304,1277210,0,0.493,0,42.4193657,-83.2091493
MI,26163540500,3296,1414,1389937,1896,0.537,0.001,42.4237296,-83.2251159
MI,26163540600,3301,1463,1197254,0,0.462,0,42.4224753,-83.233995
MI,26163540700,3346,1385,1285936,0,0.497,0,42.4334044,-83.2292261
MI,26163540800,2174,990,1267530,0,0.489,0,42.4405745,-83.2295474
MI,26163540900,3466,1448,1262475,0,0.487,0,42.4401121,-83.2489699
MI,26163541000,3634,1953,1284427,0,0.496,0,42.4329511,-83.2487283
MI,26163541100,3636,1683,1431843,0,0.553,0,42.4222559,-83.2439581
MI,26163541200,2424,1344,1139388,0,0.44,0,42.422012,-83.2537031
MI,26163541300,2429,1132,1283782,0,0.496,0,42.4215788,-83.2821395
MI,26163541400,2634,1246,2530797,3272,0.977,0.001,42.4244065,-83.2688858
MI,26163541500,3476,1899,1239091,0,0.478,0,42.4362189,-83.2633513
MI,26163541700,2132,1392,1279696,0,0.494,0,42.4361333,-83.2731759
MI,26163541800,2495,1285,1202986,0,0.464,0,42.4356241,-83.282863
MI,26163542100,4350,1915,1299552,0,0.502,0,42.4121468,-83.2090072
MI,26163542200,3781,1717,1300783,0,0.502,0,42.4049237,-83.2086673
MI,26163542300,2225,1117,828296,0,0.32,0,42.3984056,-83.2054071
MI,26163542400,2622,1198,685968,0,0.265,0,42.3908903,-83.2036174
MI,26163542500,2489,1039,1057002,0,0.408,0,42.3927935,-83.2132702
MI,26163542600,3130,1433,1379720,0,0.533,0,42.3829687,-83.2077387
MI,26163542700,937,482,1414948,0,0.546,0,42.3824612,-83.22681
MI,26163542800,2531,1052,875543,0,0.338,0,42.3901406,-83.2243491
MI,26163542900,3377,1359,1301945,0,0.503,0,42.3988392,-83.2260719
MI,26163543000,1814,714,928236,0,0.358,0,42.4068106,-83.2257349
MI,26163543100,2406,984,948981,0,0.366,0,42.4126595,-83.2284219
MI,26163543200,2804,1216,1285880,0,0.496,0,42.4112995,-83.2475927
MI,26163543400,3189,1417,1062119,0,0.41,0,42.4015679,-83.2374736
MI,26163543500,1599,768,934313,0,0.361,0,42.4040427,-83.2498756
MI,26163543600,1676,844,1404089,0,0.542,0,42.3968066,-83.2510232
MI,26163543700,2649,1188,1324931,0,0.512,0,42.3894635,-83.2386147
MI,26163543800,1093,755,999331,0,0.386,0,42.3894072,-83.2540332
MI,26163543900,901,639,1261533,0,0.487,0,42.3819469,-83.2493385
MI,26163544000,2178,1126,1009307,0,0.39,0,42.3823964,-83.2671854
MI,26163544100,1803,1138,1844070,0,0.712,0,42.3929346,-83.2685039
MI,26163544200,2467,1363,1277816,0,0.493,0,42.4073688,-83.26197
MI,26163544300,2549,1362,1915273,0,0.739,0,42.4086903,-83.2749743
MI,26163545100,1544,802,1150195,0,0.444,0,42.3757244,-83.2071726
MI,26163545200,3280,1589,1254532,0,0.484,0,42.3688227,-83.2069235
MI,26163545300,2162,1057,1283067,0,0.495,0,42.3616038,-83.2068681
MI,26163545400,758,401,1305955,0,0.504,0,42.3543681,-83.2066365
MI,26163545500,3672,1789,1318294,0,0.509,0,42.3471339,-83.2064028
MI,26163545600,4553,1794,1316856,0,0.508,0,42.3399009,-83.2060508
MI,26163545700,2373,1118,1093578,0,0.422,0,42.3328249,-83.2242628
MI,26163545800,4708,2091,1448105,0,0.559,0,42.3396092,-83.2268502
MI,26163545900,4038,1753,1265294,0,0.489,0,42.3468695,-83.2259311
MI,26163546000,3674,1687,1279812,0,0.494,0,42.3540965,-83.226144
MI,26163546100,4185,1801,1265971,0,0.489,0,42.3508568,-83.2405854
MI,26163546200,2863,1236,2713585,39555,1.048,0.015,42.3464216,-83.252823
MI,26163546300,1655,700,3878646,44983,1.498,0.017,42.3664397,-83.2586109
MI,26163546400,1281,590,650476,0,0.251,0,42.3754399,-83.2413545
MI,26163546500,2357,1093,659195,0,0.255,0,42.3682497,-83.2411333
MI,26163546600,2194,986,725856,0,0.28,0,42.3610566,-83.2415451
MI,26163546700,3152,1428,1278386,0,0.494,0,42.3613063,-83.226246
MI,26163546800,3171,1653,1300241,0,0.502,0,42.3697567,-83.2297901
MI,26163546900,1198,533,1151356,0,0.445,0,42.373917,-83.2228469
MI,26163550100,3950,1721,2363139,1979033,0.912,0.764,42.3681537,-82.9237513
MI,26163550200,4163,2028,1493959,0,0.577,0,42.3828209,-82.9371172
MI,26163550300,3442,1248,1760395,0,0.68,0,42.3862364,-82.9242029
MI,26163550400,1627,899,953140,518095,0.368,0.2,42.3840618,-82.9123138
MI,26163550500,3794,1547,1790126,504026,0.691,0.195,42.3898214,-82.9075602
MI,26163550600,2486,1056,2222063,2565439,0.858,0.991,42.3947515,-82.8905015
MI,26163550700,5454,2191,2621811,0,1.012,0,42.4061485,-82.9045987
MI,26163550800,1539,705,2279291,929974,0.88,0.359,42.4169429,-82.8975897
MI,26163550900,2929,1307,2560950,1659848,0.989,0.641,42.4342045,-82.8771963
MI,26163551100,4856,2015,3994143,0,1.542,0,42.4316357,-82.8970736
MI,26163551200,4071,1684,1536492,0,0.593,0,42.4319065,-82.9125985
MI,26163551300,3849,1981,1610232,0,0.622,0,42.4350442,-82.918377
MI,26163551400,4150,1893,2390822,0,0.923,0,42.4453962,-82.9294045
MI,26163551500,2425,971,1606485,0,0.62,0,42.4369283,-82.9327255
MI,26163551600,3812,1659,1154194,0,0.446,0,42.4340457,-82.9401024
MI,26163551700,3488,1411,1562682,3235,0.603,0.001,42.4455794,-82.8873893
MI,26163551800,3720,1709,1322542,0,0.511,0,42.4468696,-82.9025067
MI,26163552000,2817,1130,539421,0,0.208,0,42.4043824,-83.0584877
MI,26163552100,4358,1941,869322,0,0.336,0,42.4009367,-83.0679464
MI,26163552200,3570,1508,782006,0,0.302,0,42.3946972,-83.0632357
MI,26163552300,3527,1463,496339,0,0.192,0,42.3980776,-83.0542167
MI,26163552400,2900,937,876817,0,0.339,0,42.3990005,-83.0463943
MI,26163552800,5251,1714,1837922,0,0.71,0,42.3879631,-83.0514612
MI,26163553000,1244,769,1870451,0,0.722,0,42.411741,-83.0933547
MI,26163553100,1696,852,873694,0,0.337,0,42.4132901,-83.1084779
MI,26163553200,905,584,614432,0,0.237,0,42.4114731,-83.1151475
MI,26163553300,1363,772,842750,0,0.325,0,42.3971272,-83.1054361
MI,26163553400,1983,1208,776388,0,0.3,0,42.4054999,-83.1023966
MI,26163553600,2631,982,1672473,0,0.646,0,42.4008134,-83.0848809
MI,26163553800,1954,923,1044124,0,0.403,0,42.3965425,-83.0966082
MI,26163554100,4121,1730,2181220,0,0.842,0,42.4375474,-83.2984544
MI,26163554200,3301,1412,1583357,0,0.611,0,42.4321158,-83.3071022
MI,26163554300,5028,2190,2529643,0,0.977,0,42.4208059,-83.306328
MI,26163554400,3247,1394,1273275,0,0.492,0,42.4212881,-83.2918853
MI,26163554500,2804,1331,1980062,0,0.765,0,42.4057462,-83.2877287
MI,26163554600,3860,1574,2534818,0,0.979,0,42.4063569,-83.3057437
MI,26163554700,2514,1086,2460173,4823,0.95,0.002,42.3921485,-83.3043035
MI,26163554800,3590,1570,2687923,0,1.038,0,42.3925345,-83.2855296
MI,26163554900,3335,1433,2580992,1082,0.997,0,42.3824901,-83.2940908
MI,26163555100,4563,1934,2456948,0,0.949,0,42.3703234,-83.3042163
MI,26163555300,3384,1350,2566849,2984,0.991,0.001,42.3725224,-83.2872052
MI,26163555400,2861,1127,1753432,0,0.677,0,42.3676767,-83.270782
MI,26163555500,3057,1414,1284218,0,0.496,0,42.3602197,-83.2847527
MI,26163555600,2697,1194,1235974,0,0.477,0,42.3594586,-83.3038034
MI,26163556100,3508,1431,2608057,0,1.007,0,42.4345918,-83.3264063
MI,26163556200,2714,1527,2576762,0,0.995,0,42.4340683,-83.3459837
MI,26163556300,3316,1554,2583910,0,0.998,0,42.4336007,-83.3654401
MI,26163556400,4340,1712,5120342,11219,1.977,0.004,42.4348601,-83.4008193
MI,26163556500,2282,1314,4968040,15676,1.918,0.006,42.4237727,-83.423725
MI,26163556600,3438,1320,2601320,0,1.004,0,42.4182116,-83.403926
MI,26163556700,2651,1053,2578913,4304,0.996,0.002,42.4174352,-83.3856167
MI,26163556800,1789,692,2596374,0,1.002,0,42.4191245,-83.3648221
MI,26163556900,3779,1462,2578873,0,0.996,0,42.4195952,-83.3452753
MI,26163557000,3039,1331,2599569,2401,1.004,0.001,42.4243877,-83.3257127
MI,26163557100,2568,1093,2605972,0,1.006,0,42.4056212,-83.3250478
MI,26163557200,2014,798,2586186,0,0.999,0,42.4051332,-83.3446237
MI,26163557300,2165,878,2575397,0,0.994,0,42.4046813,-83.3641519
MI,26163557400,3415,1310,2448963,0,0.946,0,42.4044036,-83.3832956
MI,26163557500,3912,1487,2700000,0,1.042,0,42.4036911,-83.4028464
MI,26163557600,3183,1275,2519070,0,0.973,0,42.4033664,-83.4226398
MI,26163557700,4453,1859,2320829,0,0.896,0,42.389439,-83.4213874
MI,26163557900,5043,1907,5222312,6768,2.016,0.003,42.3885128,-83.3934694
MI,26163558000,4295,1763,2629406,0,1.015,0,42.390163,-83.3635099
MI,26163558100,3432,1447,2621875,0,1.012,0,42.3905913,-83.3439058
MI,26163558200,4624,1841,2579208,651,0.996,0,42.3912107,-83.3258743
MI,26163558300,2044,924,15126751,46,5.84,0,42.3763472,-83.3633939
MI,26163558400,3836,1697,2741831,339603,1.059,0.131,42.3621073,-83.4233168
MI,26163558500,4030,1665,3250618,7402,1.255,0.003,42.3590827,-83.3961913
MI,26163558600,2098,866,1937991,24822,0.748,0.01,42.3610288,-83.3767565
MI,26163558700,2746,1136,1315295,0,0.508,0,42.3648211,-83.3622183
MI,26163558800,2806,1164,1286707,0,0.497,0,42.3576134,-83.3617234
MI,26163558900,1897,802,1319693,0,0.51,0,42.3652248,-83.3426471
MI,26163559000,2715,1120,1254731,0,0.484,0,42.3580136,-83.3421814
MI,26163559100,2635,1089,1301322,0,0.502,0,42.3658176,-83.323082
MI,26163559200,2175,884,1293739,0,0.5,0,42.3585733,-83.3227459
MI,26163560100,2739,1391,2628407,42904,1.015,0.017,42.4303346,-83.4872315
MI,26163560200,5408,2986,4936123,327804,1.906,0.127,42.4347522,-83.4563817
MI,26163560300,3407,1595,5146470,106192,1.987,0.041,42.4226123,-83.4675978
MI,26163560400,6153,2902,5297368,52386,2.045,0.02,42.4036814,-83.451303
MI,26163561200,5641,2007,14859871,434867,5.737,0.168,42.4144833,-83.533089
MI,26163561300,7888,2746,11775214,61995,4.546,0.024,42.4116258,-83.494461
MI,26163561600,3832,1960,6211658,102376,2.398,0.04,42.3840333,-83.4515677
MI,26163561700,2137,915,10842506,58399,4.186,0.023,42.3905785,-83.5166475
MI,26163561900,7111,2503,9610722,45150,3.711,0.017,42.3640905,-83.5243595
MI,26163562300,2069,926,3419995,6530,1.32,0.003,42.375478,-83.4982039
MI,26163562400,5457,2093,4717216,0,1.821,0,42.359806,-83.4930025
MI,26163562500,1951,1145,1669923,29962,0.645,0.012,42.3746761,-83.4575209
MI,26163562600,3685,1758,2033825,0,0.785,0,42.3759763,-83.4740067
MI,26163562700,3496,1749,2022422,0,0.781,0,42.364366,-83.4703215
MI,26163562800,3475,1622,3207581,34158,1.238,0.013,42.3651425,-83.4446301
MI,26163562900,3443,1689,3249426,0,1.255,0,42.3554706,-83.4546425
MI,26163563200,3294,1427,1012911,0,0.391,0,42.3464456,-83.4349691
MI,26163563300,2868,1359,4050363,88,1.564,0,42.3464023,-83.4561521
MI,26163563400,5092,1889,2600268,0,1.004,0,42.3440111,-83.4790429
MI,26163563500,6229,1980,5190308,0,2.004,0,42.3360476,-83.4982672
MI,26163563600,2116,759,1310243,0,0.506,0,42.329366,-83.4834182
MI,26163563700,1671,636,1262689,409,0.488,0,42.327415,-83.4682
MI,26163563800,2991,1129,1332137,0,0.514,0,42.3331012,-83.4691377
MI,26163563900,2435,991,1818085,0,0.702,0,42.3294805,-83.4518768
MI,26163564000,2045,1319,4307162,0,1.663,0,42.3248823,-83.436136
MI,26163564100,4337,1854,2007680,0,0.775,0,42.3156178,-83.4507552
MI,26163564200,3817,1562,1910441,0,0.738,0,42.3186693,-83.4733574
MI,26163564300,2644,1145,1977388,0,0.763,0,42.3114527,-83.4725101
MI,26163564401,5224,1616,10399839,31626,4.015,0.012,42.3360439,-83.5261711
MI,26163564402,4385,1519,7634106,0,2.948,0,42.3138055,-83.5167746
MI,26163564501,4246,1337,3905496,3106,1.508,0.001,42.2992093,-83.5250265
MI,26163564502,3711,1276,3743003,1962,1.445,0.001,42.296362,-83.4965134
MI,26163564503,3592,1630,3918480,0,1.513,0,42.2749978,-83.4956244
MI,26163564504,5961,2500,11572032,0,4.468,0,42.2792385,-83.524851
MI,26163564600,6678,2318,3904904,0,1.508,0,42.300463,-83.4721806
MI,26163564700,5029,1879,1923171,0,0.743,0,42.3012066,-83.4503692
MI,26163564800,4676,1829,6751032,0,2.607,0,42.2846056,-83.4658137
MI,26163564900,2086,906,4901172,37105,1.892,0.014,42.271536,-83.4605255
MI,26163565000,5046,1969,6089170,1898,2.351,0.001,42.288113,-83.434461
MI,26163565100,3483,1636,4612104,0,1.781,0,42.3217715,-83.4184825
MI,26163565200,5078,2580,3393777,1983,1.31,0.001,42.3428802,-83.4241663
MI,26163565300,5600,3099,3417804,9240,1.32,0.004,42.3472472,-83.3922893
MI,26163565600,2299,831,1558457,0,0.602,0,42.3050505,-83.4182778
MI,26163565700,3556,1330,2448013,0,0.945,0,42.2942763,-83.4173886
MI,26163565800,3881,1827,1929765,6819,0.745,0.003,42.3029594,-83.3567839
MI,26163565900,2580,1118,1189935,0,0.459,0,42.3038388,-83.3688343
MI,26163566400,1012,619,1950324,0,0.753,0,42.2850832,-83.365675
MI,26163566500,2267,1306,1776162,0,0.686,0,42.2829246,-83.3884884
MI,26163566600,2155,870,2386258,0,0.921,0,42.2833689,-83.4129123
MI,26163566700,3973,1634,5468654,1444,2.111,0.001,42.2700357,-83.4062016
MI,26163566800,3089,1286,1888357,0,0.729,0,42.2736999,-83.3702903
MI,26163566900,5097,2109,2121239,0,0.819,0,42.2752311,-83.3554381
MI,26163567000,3587,1604,3502745,7366,1.352,0.003,42.2730855,-83.3326751
MI,26163567100,3613,1819,2614445,0,1.009,0,42.347623,-83.3222341
MI,26163567201,3502,1434,1327307,0,0.512,0,42.3507496,-83.3417737
MI,26163567202,3016,1409,1630358,0,0.629,0,42.341833,-83.3423284
MI,26163567300,4455,1990,2426231,0,0.937,0,42.3471931,-83.3599795
MI,26163567400,2727,1442,2203644,12463,0.851,0.005,42.3456106,-83.3769212
MI,26163567800,5025,2524,2839416,0,1.096,0,42.3315898,-83.3759669
MI,26163567900,2929,1289,1713519,0,0.662,0,42.3168349,-83.3822965
MI,26163568000,2240,1207,2583478,0,0.997,0,42.3170089,-83.3986505
MI,26163568200,3917,1551,2578325,0,0.995,0,42.3025156,-83.3981172
MI,26163568300,4320,1989,1921427,0,0.742,0,42.2917921,-83.3927428
MI,26163568400,3876,1525,2007782,0,0.775,0,42.3024392,-83.3806595
MI,26163568500,4547,2112,1944328,0,0.751,0,42.2923991,-83.3636124
MI,26163568700,3943,1414,2310436,1704,0.892,0.001,42.2982018,-83.3455155
MI,26163568800,3127,2168,987397,0,0.381,0,42.3352197,-83.3927589
MI,26163568900,2796,1305,1759668,0,0.679,0,42.3293072,-83.3996382
MI,26163569100,2499,1018,1267739,0,0.489,0,42.3367163,-83.3216202
MI,26163569200,2787,1303,1293162,0,0.499,0,42.3295204,-83.321449
MI,26163569300,3861,1706,2143977,0,0.828,0,42.3316447,-83.3398792
MI,26163569400,2947,1250,1915133,0,0.739,0,42.3322479,-83.3579199
MI,26163569500,2662,1070,1822123,0,0.704,0,42.3213038,-83.3641298
MI,26163569600,3527,1436,1642716,0,0.634,0,42.3141309,-83.3620249
MI,26163569700,4463,1795,2528052,0,0.976,0,42.318213,-83.3403388
MI,26163569800,2499,1048,1611493,0,0.622,0,42.3213819,-83.3210237
MI,26163569900,2447,990,977128,0,0.377,0,42.314166,-83.3208004
MI,26163570100,3908,1924,1698468,0,0.656,0,42.3026247,-83.2957344
MI,26163570200,2724,1131,1807948,1610,0.698,0.001,42.3036706,-83.3098851
MI,26163570400,5186,2310,3980959,0,1.537,0,42.3003466,-83.3203336
MI,26163570500,3732,1681,2154587,0,0.832,0,42.2988426,-83.3347182
MI,26163570600,2009,876,1054211,0,0.407,0,42.2808955,-83.3337722
MI,26163570800,3022,1469,2488532,0,0.961,0,42.2822977,-83.3189713
MI,26163570900,2535,1156,1444060,0,0.558,0,42.2836437,-83.3046433
MI,26163571000,2250,1098,1565763,0,0.605,0,42.284541,-83.2949007
MI,26163571500,4585,1761,3140755,22246,1.213,0.009,42.3325738,-83.2479913
MI,26163571600,1672,776,1710928,0,0.661,0,42.3351373,-83.265938
MI,26163571700,2401,952,1239424,0,0.479,0,42.3492051,-83.2692857
MI,26163571800,3121,1353,1569844,0,0.606,0,42.352236,-83.2831267
MI,26163571900,2852,1407,2629725,0,1.015,0,42.3482826,-83.3028468
MI,26163572000,1899,778,1217132,0,0.47,0,42.3447235,-83.284022
MI,26163572100,6177,2500,2595783,0,1.002,0,42.3340109,-83.2825955
MI,26163572200,6231,2756,2572389,0,0.993,0,42.3336052,-83.3021224
MI,26163572400,1339,572,1346741,0,0.52,0,42.2966867,-83.2881141
MI,26163572500,1870,702,1292088,871,0.499,0,42.2714972,-83.3012029
MI,26163572600,5189,2338,2244578,0,0.867,0,42.2752024,-83.2800521
MI,26163572700,4616,1999,2262643,0,0.874,0,42.2756352,-83.2606068
MI,26163572800,5644,2430,2251130,0,0.869,0,42.2760445,-83.2411841
MI,26163572900,2615,1100,1092088,85,0.422,0,42.2762844,-83.2259093
MI,26163573000,3110,942,1628511,0,0.629,0,42.3227949,-83.2991471
MI,26163573100,4453,1702,1620066,0,0.626,0,42.3155357,-83.2987721
MI,26163573300,3900,1174,1136061,0,0.439,0,42.331889,-83.1845296
MI,26163573400,3702,1247,1043061,0,0.403,0,42.3234961,-83.1909023
MI,26163573500,5315,1295,4480537,76843,1.73,0.03,42.3143412,-83.1525188
MI,26163573600,6652,2217,3058969,21429,1.181,0.008,42.3391406,-83.1605742
MI,26163573701,1990,562,453979,0,0.175,0,42.3485705,-83.1713288
MI,26163573702,6524,1915,1365511,0,0.527,0,42.3387379,-83.1717259
MI,26163573800,5306,1578,1822537,0,0.704,0,42.345481,-83.1849702
MI,26163573900,5308,1586,1079835,0,0.417,0,42.338599,-83.1891477
MI,26163574000,5759,2011,1279242,0,0.494,0,42.3256057,-83.1772078
MI,26163574100,3955,1476,1655181,0,0.639,0,42.3182702,-83.1776549
MI,26163574202,3008,1646,3993521,35711,1.542,0.014,42.3074389,-83.1894193
MI,26163574300,3240,1374,4551480,10096,1.757,0.004,42.3238287,-83.205901
MI,26163574600,4913,2037,1732986,0,0.669,0,42.319594,-83.2654184
MI,26163574700,4391,1796,1947818,0,0.752,0,42.3196209,-83.2794175
MI,26163574800,4233,1631,2154427,0,0.832,0,42.3073859,-83.2748354
MI,26163574900,1776,1206,2715546,7855,1.048,0.003,42.3054504,-83.2576181
MI,26163575000,4589,2313,1572440,0,0.607,0,42.2987557,-83.250134
MI,26163575100,2649,1254,1103568,0,0.426,0,42.2942944,-83.2628692
MI,26163575200,4059,1947,1946941,0,0.752,0,42.2889151,-83.277959
MI,26163575300,3591,1577,1609799,0,0.622,0,42.2864656,-83.2610823
MI,26163575400,3253,1492,6292540,132063,2.43,0.051,42.2958208,-83.2300991
MI,26163575500,3886,1726,1575868,0,0.608,0,42.2850119,-83.2231021
MI,26163575600,1539,727,1665040,5540,0.643,0.002,42.2894325,-83.2144992
MI,26163576000,1845,833,4598007,82582,1.775,0.032,42.2831505,-83.2051594
MI,26163576100,6082,2685,3598579,0,1.389,0,42.2659846,-83.2032428
MI,26163576200,2610,1140,1537365,0,0.594,0,42.2622096,-83.2246738
MI,26163576300,2430,980,1131870,0,0.437,0,42.2511427,-83.225844
MI,26163576400,3621,1539,1630518,0,0.63,0,42.2502528,-83.2164357
MI,26163576500,3902,1640,1465372,0,0.566,0,42.2504758,-83.2058902
MI,26163576600,4169,1831,2276218,39623,0.879,0.015,42.2340803,-83.2086055
MI,26163576700,3553,1560,1841375,0,0.711,0,42.2349913,-83.2233008
MI,26163577000,4331,2000,1556863,1439,0.601,0.001,42.2522226,-83.1670939
MI,26163577100,2933,1276,1126196,0,0.435,0,42.2577829,-83.1756791
MI,26163577200,3188,1375,1948452,0,0.752,0,42.2617688,-83.1847927
MI,26163577300,3086,1323,1408039,0,0.544,0,42.2482446,-83.1956204
MI,26163577400,3508,1475,1473634,0,0.569,0,42.2449281,-83.1865495
MI,26163577500,3297,1461,1197496,0,0.462,0,42.2428548,-83.1748864
MI,26163577600,3790,1554,1357284,0,0.524,0,42.2387616,-83.1652187
MI,26163577700,2370,972,790130,0,0.305,0,42.2323952,-83.1747378
MI,26163577800,4944,2076,2084667,0,0.805,0,42.2341045,-83.1909896
MI,26163577900,4076,1820,1320689,0,0.51,0,42.224821,-83.1908564
MI,26163578000,2619,1196,950002,0,0.367,0,42.2257646,-83.1738454
MI,26163578500,5153,2294,2526231,98887,0.975,0.038,42.2863361,-83.1807939
MI,26163578600,5562,2624,4519350,0,1.745,0,42.2757597,-83.1776386
MI,26163579100,1881,1032,875499,27695,0.338,0.011,42.2759109,-83.1316707
MI,26163579200,3295,1558,1115503,0,0.431,0,42.2671403,-83.1344433
MI,26163579300,2727,1141,1460580,0,0.564,0,42.269603,-83.1435874
MI,26163579500,1863,839,3417270,2297090,1.319,0.887,42.2462487,-83.1357293
MI,26163579600,3117,1482,1369238,0,0.529,0,42.2566755,-83.1515705
MI,26163579700,2878,1371,1567720,0,0.605,0,42.2433474,-83.1546603
MI,26163579800,1654,852,938643,0,0.362,0,42.244955,-83.14527
MI,26163579900,4615,2084,7806029,161637,3.014,0.062,42.3201738,-83.2373533
MI,26163580100,2089,1009,2405408,3510938,0.929,1.356,42.2206214,-83.1335901
MI,26163580200,2875,1263,1096304,0,0.423,0,42.2286638,-83.159279
MI,26163580300,2882,1250,944220,0,0.365,0,42.2189431,-83.1622162
MI,26163580400,2644,1166,1041442,0,0.402,0,42.2180522,-83.1743624
MI,26163580500,2950,1365,1275008,0,0.492,0,42.2066394,-83.1759218
MI,26163580600,3121,1404,1349127,0,0.521,0,42.2074419,-83.1658005
MI,26163580700,3758,2077,1729441,886728,0.668,0.342,42.2058658,-83.1492673
MI,26163580800,1547,735,1902814,254138,0.735,0.098,42.1926183,-83.1568379
MI,26163580900,4017,1812,1976831,0,0.763,0,42.1928063,-83.1725402
MI,26163581100,3970,1802,3477954,12035,1.343,0.005,42.2089429,-83.2137995
MI,26163581200,3706,1885,2580109,0,0.996,0,42.1916243,-83.218721
MI,26163581500,2238,1021,856556,0,0.331,0,42.2173949,-83.1875995
MI,26163581600,5620,2796,4046299,0,1.562,0,42.2199189,-83.2138155
MI,26163581800,2724,1147,1198324,0,0.463,0,42.2039,-83.199438
MI,26163581900,4732,1960,1673923,0,0.646,0,42.2065687,-83.1871438
MI,26163582000,3064,1677,1685240,0,0.651,0,42.1922884,-83.1864409
MI,26163582100,3993,1645,2154223,0,0.832,0,42.191747,-83.2008596
MI,26163583000,2597,1088,3649573,23345,1.409,0.009,42.2621535,-83.2549366
MI,26163583100,4106,1661,3605170,0,1.392,0,42.2620128,-83.2949938
MI,26163583200,2859,1230,3120114,0,1.205,0,42.2554479,-83.2860923
MI,26163583300,2550,1074,1519088,0,0.587,0,42.2527649,-83.2592236
MI,26163583400,5040,2133,2175606,0,0.84,0,42.2553479,-83.240133
MI,26163583500,2788,1154,1268292,0,0.49,0,42.2454484,-83.240314
MI,26163583600,2667,1083,1301767,0,0.503,0,42.244876,-83.2597295
MI,26163583700,3721,1545,3319950,486,1.282,0,42.2455321,-83.2859445
MI,26163583800,4517,1959,5110130,0,1.973,0,42.2330335,-83.2884982
MI,26163583900,4093,1764,1964476,0,0.758,0,42.2339128,-83.261847
MI,26163584000,4471,1760,3179680,61453,1.228,0.024,42.2363884,-83.2433622
MI,26163584100,1743,755,3281354,442,1.267,0,42.2185728,-83.2401718
MI,26163584200,3695,1379,1935841,0,0.747,0,42.2194044,-83.2614451
MI,26163584300,1922,853,5106167,201,1.972,0,42.2163391,-83.2832664
MI,26163584400,3227,1383,5110682,2995,1.973,0.001,42.2020118,-83.291338
MI,26163584500,2567,1206,5220361,335,2.016,0,42.204338,-83.2484745
MI,26163584600,1836,932,5050424,6377,1.95,0.002,42.1933688,-83.2447741
MI,26163584700,2562,1030,2584681,0,0.998,0,42.1901834,-83.2771622
MI,26163584800,6170,2433,2613471,0,1.009,0,42.1892724,-83.2966522
MI,26163585500,1952,878,9676256,67,3.736,0,42.2547601,-83.3302937
MI,26163585600,3545,1488,5542524,0,2.14,0,42.2597019,-83.3686906
MI,26163585700,1973,770,7890020,211451,3.046,0.082,42.2400275,-83.3770645
MI,26163585800,4514,1828,10127275,41287,3.91,0.016,42.2457771,-83.4053674
MI,26163585900,3272,1572,7774724,0,3.002,0,42.2244804,-83.3998093
MI,26163586200,6684,2595,18419634,285225,7.112,0.11,42.202794,-83.3109137
MI,26163588561,3783.526929,1585.878304,3185425.198,64535.48106,1.229910224,0.024934428,42.27958732,-83.36095753
MI,26163588713,3786.479724,1586.754952,3189830.528,64603.20606,1.231611118,0.024960616,42.27931988,-83.36156977
MI,26163588866,3789.43252,1587.631601,3194235.859,64670.93106,1.233312012,0.024986803,42.27905244,-83.36218201
MI,26163589018,3792.385315,1588.508249,3198641.19,64738.65606,1.235012906,0.025012991,42.27878499,-83.36279425
MI,26163589171,3795.33811,1589.384898,3203046.52,64806.38106,1.2367138,0.025039178,42.27851755,-83.36340649
MI,26163589323,3798.290906,1590.261546,3207451.851,64874.10607,1.238414694,0.025065366,42.27825011,-83.36401873
MI,26163589476,3801.243701,1591.138194,3211857.181,64941.83107,1.240115588,0.025091553,42.27798267,-83.36463097
MI,26163589628,3804.196496,1592.014843,3216262.512,65009.55607,1.241816482,0.02511774,42.27771523,-83.36524322
MI,26163589781,3807.149292,1592.891491,3220667.843,65077.28107,1.243517376,0.025143928,42.27744779,-83.36585546
MI,26163589933,3810.102087,1593.76814,3225073.173,65145.00607,1.24521827,0.025170115,42.27718035,-83.3664677
MI,26163590086,3813.054882,1594.644788,3229478.504,65212.73107,1.246919164,0.025196303,42.27691291,-83.36707994
MI,26163590238,3816.007677,1595.521436,3233883.835,65280.45607,1.248620058,0.02522249,42.27664547,-83.36769218
MI,26163590391,3818.960473,1596.398085,3238289.165,65348.18107,1.250320952,0.025248678,42.27637803,-83.36830442
MI,26163590543,3821.913268,1597.274733,3242694.496,65415.90607,1.252021846,0.025274865,42.27611059,-83.36891666
MI,26163590696,3824.866063,1598.151381,3247099.827,65483.63107,1.253722741,0.025301052,42.27584315,-83.3695289
MI,26163590848,3827.818859,1599.02803,3251505.157,65551.35607,1.255423635,0.02532724,42.27557571,-83.37014114
MI,26163591001,3830.771654,1599.904678,3255910.488,65619.08108,1.257124529,0.025353427,42.27530827,-83.37075338
MI,26163591153,3833.724449,1600.781327,3260315.819,65686.80608,1.258825423,0.025379615,42.27504083,-83.37136563
MI,26163591306,3836.677245,1601.657975,3264721.149,65754.53108,1.260526317,0.025405802,42.27477338,-83.37197787
MI,26163591458,3839.63004,1602.534623,3269126.48,65822.25608,1.262227211,0.02543199,42.27450594,-83.37259011
MI,26163591611,3842.582835,1603.411272,3273531.811,65889.98108,1.263928105,0.025458177,42.2742385,-83.37320235
MI,26163591763,3845.535631,1604.28792,3277937.141,65957.70608,1.265628999,0.025484365,42.27397106,-83.37381459
MI,26163591916,3848.488426,1605.164569,3282342.472,66025.43108,1.267329893,0.025510552,42.27370362,-83.37442683
MI,26163592068,3851.441221,1606.041217,3286747.803,66093.15608,1.269030787,0.025536739,42.27343618,-83.37503907
MI,26163592221,3854.394017,1606.917865,3291153.133,66160.88108,1.270731681,0.025562927,42.27316874,-83.37565131
MI,26163592373,3857.346812,1607.794514,3295558.464,66228.60608,1.272432575,0.025589114,42.2729013,-83.37626355
MI,26163592526,3860.299607,1608.671162,3299963.794,66296.33109,1.274133469,0.025615302,42.27263386,-83.37687579
MI,26163592678,3863.252403,1609.547811,3304369.125,66364.05609,1.275834363,0.025641489,42.27236642,-83.37748803
MI,26163592831,3866.205198,1610.424459,3308774.456,66431.78109,1.277535257,0.025667677,42.27209898,-83.37810028
MI,26163592983,3869.157993,1611.301107,3313179.786,66499.50609,1.279236151,0.025693864,42.27183154,-83.37871252
MI,26163593136,3872.110789,1612.177756,3317585.117,66567.23109,1.280937045,0.025720052,42.2715641,-83.37932476
MI,26163593288,3875.063584,1613.054404,3321990.448,66634.95609,1.282637939,0.025746239,42.27129666,-83.379937
MI,26163593440,3878.016379,1613.931052,3326395.778,66702.68109,1.284338833,0.025772426,42.27102922,-83.38054924
MI,26163593593,3880.969175,1614.807701,3330801.109,66770.40609,1.286039727,0.025798614,42.27076178,-83.38116148
MI,26163593745,3883.92197,1615.684349,3335206.44,66838.13109,1.287740621,0.025824801,42.27049433,-83.38177372
MI,26163593898,3886.874765,1616.560998,3339611.77,66905.85609,1.289441515,0.025850989,42.27022689,-83.38238596
MI,26163594050,3889.82756,1617.437646,3344017.101,66973.58109,1.291142409,0.025877176,42.26995945,-83.3829982
MI,26163594203,3892.780356,1618.314294,3348422.432,67041.3061,1.292843303,0.025903364,42.26969201,-83.38361044
MI,26163594355,3895.733151,1619.190943,3352827.762,67109.0311,1.294544197,0.025929551,42.26942457,-83.38422269
MI,26163594508,3898.685946,1620.067591,3357233.093,67176.7561,1.296245091,0.025955738,42.26915713,-83.38483493
MI,26163594660,3901.638742,1620.94424,3361638.424,67244.4811,1.297945985,0.025981926,42.26888969,-83.38544717
MI,26163594813,3904.591537,1621.820888,3366043.754,67312.2061,1.299646879,0.026008113,42.26862225,-83.38605941
MI,26163594965,3907.544332,1622.697536,3370449.085,67379.9311,1.301347773,0.026034301,42.26835481,-83.38667165
MI,26163595118,3910.497128,1623.574185,3374854.415,67447.6561,1.303048667,0.026060488,42.26808737,-83.38728389
MI,26163595270,3913.449923,1624.450833,3379259.746,67515.3811,1.304749561,0.026086676,42.26781993,-83.38789613
MI,26163595423,3916.402718,1625.327482,3383665.077,67583.1061,1.306450455,0.026112863,42.26755249,-83.38850837
MI,26163595575,3919.355514,1626.20413,3388070.407,67650.8311,1.308151349,0.026139051,42.26728505,-83.38912061
MI,26163595728,3922.308309,1627.080778,3392475.738,67718.55611,1.309852243,0.026165238,42.26701761,-83.38973285
MI,26163595880,3925.261104,1627.957427,3396881.069,67786.28111,1.311553138,0.026191425,42.26675017,-83.39034509
MI,26163596033,3928.2139,1628.834075,3401286.399,67854.00611,1.313254032,0.026217613,42.26648272,-83.39095734